{"train/epoch": 9, "train/train_loss": 7.8934731762856245, "train_step": 9, "_timestamp": 1734341239.1813793, "_runtime": 12093.479594230652, "_step": 19, "eval/recall@1": 0.043, "eval/recall@5": 0.1275, "eval/recall@10": 0.1876, "eval/recall@20": 0.2569, "eval/mrr@1": 0.043, "eval/mrr@5": 0.0726, "eval/mrr@10": 0.0805, "eval/mrr@20": 0.0853, "eval/ndcg@1": 0.043, "eval/ndcg@5": 0.0862, "eval/ndcg@10": 0.1055, "eval/ndcg@20": 0.123, "valid/recall@1": 0.043, "valid/recall@5": 0.1275, "valid/recall@10": 0.1876, "valid/recall@20": 0.2569, "valid/mrr@1": 0.043, "valid/mrr@5": 0.0726, "valid/mrr@10": 0.0805, "valid/mrr@20": 0.0853, "valid/ndcg@1": 0.043, "valid/ndcg@5": 0.0862, "valid/ndcg@10": 0.1055, "valid/ndcg@20": 0.123, "valid_step": 9}