{"train/epoch": 21, "train/train_loss": 25.881246030330658, "train_step": 21, "_timestamp": 1734274307.0731716, "_runtime": 5411.909762620926, "_step": 43, "eval/recall@1": 0.0054, "eval/recall@5": 0.0147, "eval/recall@10": 0.0222, "eval/recall@20": 0.0334, "eval/mrr@1": 0.0054, "eval/mrr@5": 0.0086, "eval/mrr@10": 0.0096, "eval/mrr@20": 0.0104, "eval/ndcg@1": 0.0054, "eval/ndcg@5": 0.0101, "eval/ndcg@10": 0.0125, "eval/ndcg@20": 0.0153, "valid/recall@1": 0.0054, "valid/recall@5": 0.0147, "valid/recall@10": 0.0222, "valid/recall@20": 0.0334, "valid/mrr@1": 0.0054, "valid/mrr@5": 0.0086, "valid/mrr@10": 0.0096, "valid/mrr@20": 0.0104, "valid/ndcg@1": 0.0054, "valid/ndcg@5": 0.0101, "valid/ndcg@10": 0.0125, "valid/ndcg@20": 0.0153, "valid_step": 21}