{"train/epoch": 17, "train/train_loss": 25.944258332252502, "train_step": 17, "_timestamp": 1734279384.0375319, "_runtime": 5049.350250959396, "_step": 35, "eval/recall@1": 0.0054, "eval/recall@5": 0.0169, "eval/recall@10": 0.0256, "eval/recall@20": 0.0331, "eval/mrr@1": 0.0054, "eval/mrr@5": 0.0094, "eval/mrr@10": 0.0105, "eval/mrr@20": 0.011, "eval/ndcg@1": 0.0054, "eval/ndcg@5": 0.0112, "eval/ndcg@10": 0.014, "eval/ndcg@20": 0.0158, "valid/recall@1": 0.0054, "valid/recall@5": 0.0169, "valid/recall@10": 0.0256, "valid/recall@20": 0.0331, "valid/mrr@1": 0.0054, "valid/mrr@5": 0.0094, "valid/mrr@10": 0.0105, "valid/mrr@20": 0.011, "valid/ndcg@1": 0.0054, "valid/ndcg@5": 0.0112, "valid/ndcg@10": 0.014, "valid/ndcg@20": 0.0158, "valid_step": 17}