{"train/epoch": 0, "train/train_loss": 58.62140965461731, "train_step": 0, "_timestamp": 1734328500.3692145, "_runtime": 1155.9203906059265, "_step": 0}