{"train/epoch": 52, "train/train_loss": 1.2448686903808266, "train_step": 52, "_timestamp": 1734326344.238932, "_runtime": 45288.28075480461, "_step": 189, "eval/recall@1": 0.0812, "eval/recall@5": 0.2418, "eval/recall@10": 0.3313, "eval/recall@20": 0.4236, "eval/mrr@1": 0.0812, "eval/mrr@5": 0.1375, "eval/mrr@10": 0.1494, "eval/mrr@20": 0.1559, "eval/ndcg@1": 0.0812, "eval/ndcg@5": 0.1633, "eval/ndcg@10": 0.1922, "eval/ndcg@20": 0.2156, "valid/recall@1": 0.0812, "valid/recall@5": 0.2418, "valid/recall@10": 0.3313, "valid/recall@20": 0.4236, "valid/mrr@1": 0.0812, "valid/mrr@5": 0.1375, "valid/mrr@10": 0.1494, "valid/mrr@20": 0.1559, "valid/ndcg@1": 0.0812, "valid/ndcg@5": 0.1633, "valid/ndcg@10": 0.1922, "valid/ndcg@20": 0.2156, "valid_step": 52}