{"train/epoch": 40, "train/train_loss": 1.6361483968794346, "train_step": 40, "_timestamp": 1734317301.553466, "_runtime": 36245.59528899193, "_step": 165, "eval/recall@1": 0.0783, "eval/recall@5": 0.2304, "eval/recall@10": 0.3229, "eval/recall@20": 0.412, "eval/mrr@1": 0.0783, "eval/mrr@5": 0.1315, "eval/mrr@10": 0.1439, "eval/mrr@20": 0.1501, "eval/ndcg@1": 0.0783, "eval/ndcg@5": 0.1559, "eval/ndcg@10": 0.1859, "eval/ndcg@20": 0.2085, "valid/recall@1": 0.0783, "valid/recall@5": 0.2304, "valid/recall@10": 0.3229, "valid/recall@20": 0.412, "valid/mrr@1": 0.0783, "valid/mrr@5": 0.1315, "valid/mrr@10": 0.1439, "valid/mrr@20": 0.1501, "valid/ndcg@1": 0.0783, "valid/ndcg@5": 0.1559, "valid/ndcg@10": 0.1859, "valid/ndcg@20": 0.2085, "valid_step": 40}