{"train/epoch": 13, "train/train_loss": 1.7990427687764168, "train_step": 13, "_timestamp": 1734268159.6403425, "_runtime": 1628.7582495212555, "_step": 27, "eval/recall@1": 0.0997, "eval/recall@5": 0.1882, "eval/recall@10": 0.2273, "eval/recall@20": 0.2676, "eval/mrr@1": 0.0997, "eval/mrr@5": 0.132, "eval/mrr@10": 0.1372, "eval/mrr@20": 0.14, "eval/ndcg@1": 0.0997, "eval/ndcg@5": 0.146, "eval/ndcg@10": 0.1586, "eval/ndcg@20": 0.1688, "valid/recall@1": 0.0314, "valid/recall@5": 0.124, "valid/recall@10": 0.1908, "valid/recall@20": 0.267, "valid/mrr@1": 0.0314, "valid/mrr@5": 0.0624, "valid/mrr@10": 0.0712, "valid/mrr@20": 0.0765, "valid/ndcg@1": 0.0314, "valid/ndcg@5": 0.0776, "valid/ndcg@10": 0.099, "valid/ndcg@20": 0.1183, "valid_step": 13}