{"train/epoch": 18, "train/train_loss": 22.517628744244576, "train_step": 18, "_timestamp": 1734365990.2349398, "_runtime": 24649.156195878983, "_step": 37, "eval/recall@1": 0.0514, "eval/recall@5": 0.136, "eval/recall@10": 0.183, "eval/recall@20": 0.2304, "eval/mrr@1": 0.0514, "eval/mrr@5": 0.0814, "eval/mrr@10": 0.0876, "eval/mrr@20": 0.0909, "eval/ndcg@1": 0.0514, "eval/ndcg@5": 0.0949, "eval/ndcg@10": 0.1101, "eval/ndcg@20": 0.1221, "valid/recall@1": 0.044, "valid/recall@5": 0.1275, "valid/recall@10": 0.1815, "valid/recall@20": 0.2384, "valid/mrr@1": 0.044, "valid/mrr@5": 0.0727, "valid/mrr@10": 0.08, "valid/mrr@20": 0.0839, "valid/ndcg@1": 0.044, "valid/ndcg@5": 0.0862, "valid/ndcg@10": 0.1038, "valid/ndcg@20": 0.1181, "valid_step": 18}